{
  "name": "less",
  "main": "dist/less.js",
  "ignore": [
    "**/.*",
    "benchmark",
    "bin",
    "build",
    "gradle",
    "lib",
    "test",
    "*.md",
    "LICENSE",
    "Gruntfile.js",
    "*.json",
    "*.yml",
    "build.gradle",
    "gradlew",
    "gradlew.bat",
    ".gitattributes",
    ".jshintrc",
    ".npmignore"
  ],
  "homepage": "https://github.com/less/less",
  "version": "2.6.1",
  "_release": "2.6.1",
  "_resolution": {
    "type": "version",
    "tag": "v2.6.1",
    "commit": "d95e467733558d0dfea2bfb41e724cef585d64a2"
  },
  "_source": "https://github.com/less/less.git",
  "_target": "2.6.1",
  "_originalSource": "less",
  "_direct": true
}